Energytoluene,DTp-v
125.0,0.1202951823271764
200.0,0.23596123843060104
240.0,0.289704552140935
330.0,0.42786024925945576
