Energyz4,DTp-v
200.0,0.2401820957095898
308.0,0.3135728557164508
392.0,0.394874374913777
88.0,0.06967070477774802
