Energyz10,DTp-v
200.0,0.11663781885832922
330.0,0.21754223816488968
